Model,1st fold,2nd fold,3rd fold,4th fold,5th fold
Linear Regressor,-13998817.773902023,-24620273.982157584,-25566346.870915465,-51531955.80953302,-45102586.380406946
Ridge Regressor,-14053185.027897334,-24662717.95919148,-25576979.53524836,-51504972.76137986,-44967047.367103934
